StationDivision,StationType
Rangpur,Private
Khulna,Private
Khulna,Private
Sylhet,Private
Rajshahi,Private
Khulna,Private
Barishal,Private
Chittagong,Private
Khulna,Private
Chittagong,Private
Sylhet,Private
Chittagong,Private
Dhaka,Private
Mymensingh,Private
Sylhet,Private
Sylhet,Private
Sylhet,Private
Chittagong,Private
Chittagong,Private
Rajshahi,Private
Rangpur,Private
Rajshahi,Private
Rangpur,Private
Khulna,Private
Mymensingh,Private
Rangpur,Private
Chittagong,Private
Rangpur,Private
Sylhet,Private
Khulna,Private
Chittagong,Private
Sylhet,Private
Barishal,Private
Sylhet,Private
Rangpur,Private
Rangpur,Private
Dhaka,Private
Khulna,Private
Rajshahi,Private
Rangpur,Private
Chittagong,Private
Khulna,Private
Dhaka,Private
Rajshahi,Private
Dhaka,Private
Dhaka,Private
Chittagong,Private
Rajshahi,Private
Khulna,Private
Barishal,Private
Dhaka,Private
Dhaka,Private
Rajshahi,Private
Rajshahi,Private
Barishal,Private
Sylhet,Private
Mymensingh,Private
Rangpur,Private
Chittagong,Private
Rajshahi,Private
Chittagong,Private
Chittagong,Private
Sylhet,Private
Dhaka,Private
Chittagong,Private
Sylhet,Private
Sylhet,Private
Khulna,Private
Barishal,Private
Rangpur,Private
Chittagong,Private
Mymensingh,Private
Rangpur,Private
Chittagong,Private
Rajshahi,Private
Rangpur,Private
Dhaka,Private
Khulna,Private
Chittagong,Private
Mymensingh,Private
Khulna,Private
Chittagong,Private
Chittagong,Private
Sylhet,Private
Chittagong,Private
Mymensingh,Private
Khulna,Private
Dhaka,Private
Rajshahi,Private
Rangpur,Private
Rajshahi,Private
Sylhet,Private
Khulna,Private
Barishal,Private
Sylhet,Private
Khulna,Private
Barishal,Private
Sylhet,Private
Rajshahi,Private
Dhaka,Private
Rangpur,Private
Mymensingh,Private
Sylhet,Private
Mymensingh,Private
Sylhet,Private
Khulna,Private
Rajshahi,Private
Dhaka,Private
Khulna,Private
Dhaka,Private
Rajshahi,Private
Barishal,Private
Sylhet,Private
Rangpur,Private
Khulna,Private
Barishal,Private
Rangpur,Private
Rangpur,Private
Barishal,Private
Barishal,Private
Rangpur,Private
Khulna,Private
Chittagong,Private
Mymensingh,Private
Barishal,Private
Rangpur,Private
Barishal,Private
Chittagong,Private
Chittagong,Private
Rangpur,Private
Rangpur,Private
Sylhet,Private
Dhaka,Private
Barishal,Private
Rangpur,Private
Barishal,Private
Rangpur,Private
Barishal,Private
Khulna,Private
Rangpur,Private
Mymensingh,Private
Sylhet,Private
Barishal,Private
Rajshahi,Private
Rangpur,Private
Dhaka,Private
Rajshahi,Private
Rajshahi,Private
Chittagong,Private
Sylhet,Private
Rangpur,Private
Rajshahi,Private
Rangpur,Private
Mymensingh,Private
Dhaka,Private
Barishal,Private
Chittagong,Private
Dhaka,Private
Mymensingh,Private
Chittagong,Private
Barishal,Private
Dhaka,Private
Barishal,Private
Barishal,Private
Khulna,Private
Dhaka,Private
Sylhet,Private
Chittagong,Private
Sylhet,Private
Sylhet,Private
Barishal,Private
Rangpur,Private
Rajshahi,Private
Khulna,Private
Sylhet,Private
Sylhet,Private
Khulna,Private
Mymensingh,Private
Rangpur,Private
Sylhet,Private
Chittagong,Private
Mymensingh,Private
Barishal,Private
Chittagong,Private
Barishal,Private
Rajshahi,Private
Sylhet,Private
Khulna,Private
Rangpur,Private
Rangpur,Private
Sylhet,Private
Barishal,Private
Sylhet,Private
Rangpur,Private
Dhaka,Private
Sylhet,Private
Barishal,Private
Mymensingh,Private
Mymensingh,Private
Sylhet,Private
Dhaka,Private
Barishal,Private
Mymensingh,Private
Khulna,Private
Barishal,Private
Chittagong,Private
Rangpur,Private
Mymensingh,Private
Rangpur,Private
Khulna,Private
Khulna,Private
Khulna,Private
Rajshahi,Private
Rangpur,Private
Mymensingh,Private
Sylhet,Private
Chittagong,Private
Mymensingh,Private
Khulna,Private
Rajshahi,Private
Dhaka,Private
Rangpur,Private
Mymensingh,Private
Sylhet,Private
Khulna,Private
Khulna,Private
Rangpur,Private
Dhaka,Private
Rajshahi,Private
Chittagong,Private
Mymensingh,Private
Dhaka,Private
Khulna,Private
Dhaka,Private
Mymensingh,Private
Rajshahi,Private
Sylhet,Private
Dhaka,Private
Khulna,Private
Mymensingh,Private
Chittagong,Private
Sylhet,Private
Khulna,Private
Barishal,Private
Chittagong,Private
Chittagong,Private
Barishal,Private
Dhaka,Private
Khulna,Private
Sylhet,Private
Sylhet,Private
Mymensingh,Private
Sylhet,Private
Rangpur,Private
Rajshahi,Private
Mymensingh,Private
Barishal,Private
Rangpur,Private
Khulna,Private
Rajshahi,Private
Mymensingh,Private
Rajshahi,Private
Chittagong,Private
Mymensingh,Private
Sylhet,Private
Khulna,Private
Rajshahi,Private
Rajshahi,Private
Rangpur,Private
Barishal,Private
Barishal,Private
Khulna,Private
Rangpur,Private
Rajshahi,Private
Dhaka,Private
Chittagong,Private
Chittagong,Private
Dhaka,Private
Chittagong,Private
Barishal,Private
Khulna,Private
Mymensingh,Private
Rangpur,Private
Rajshahi,Private
Rajshahi,Private
Sylhet,Private
Khulna,Private
Dhaka,Private
Khulna,Private
Chittagong,Private
Barishal,Private
Khulna,Private
Dhaka,Private
Khulna,Private
Chittagong,Private
Rajshahi,Private
Dhaka,Private
Sylhet,Private
Chittagong,Private
Chittagong,Private
Khulna,Private
Dhaka,Private
Barishal,Private
Rajshahi,Private
Rangpur,Private
Barishal,Private
Rangpur,Private
Rajshahi,Private
Rajshahi,Private
Rajshahi,Private
Mymensingh,Private
Dhaka,Private
Mymensingh,Private
Barishal,Private
Mymensingh,Private
Sylhet,Private
Dhaka,Private
Khulna,Private
Dhaka,Private
Chittagong,Private
Dhaka,Private
Dhaka,Private
Sylhet,Private
Mymensingh,Private
Khulna,Private
Chittagong,Private
Khulna,Private
Chittagong,Private
Rangpur,Private
Dhaka,Private
Dhaka,Private
Rangpur,Private
Barishal,Private
Mymensingh,Private
Mymensingh,Private
Mymensingh,Private
Barishal,Private
Sylhet,Private
Khulna,Private
Chittagong,Private
Rangpur,Private
Chittagong,Private
Mymensingh,Private
Chittagong,Private
Mymensingh,Private
Chittagong,Private
Barishal,Private
Dhaka,Private
Rangpur,Private
Rajshahi,Private
Rajshahi,Private
Rajshahi,Private
Rajshahi,Private
Chittagong,Private
Sylhet,Private
Rajshahi,Private
Rangpur,Private
Barishal,Private
Dhaka,Private
Chittagong,Private
Barishal,Private
Rangpur,Private
Barishal,Private
Khulna,Private
Rangpur,Private
Mymensingh,Private
Barishal,Private
Rajshahi,Private
Mymensingh,Private
Chittagong,Private
Sylhet,Private
Chittagong,Private
Dhaka,Private
Sylhet,Private
Dhaka,Private
Khulna,Private
Mymensingh,Private
Mymensingh,Private
Sylhet,Private
Rajshahi,Private
Rajshahi,Private
Khulna,Private
Sylhet,Private
Khulna,Private
Rajshahi,Private
Sylhet,Private
Khulna,Private
Mymensingh,Private
Rangpur,Private
Rangpur,Private
Dhaka,Private
Rangpur,Private
Sylhet,Private
Dhaka,Private
Rangpur,Private
Rangpur,Private
Rajshahi,Private
Chittagong,Private
Khulna,Private
Khulna,Private
Rajshahi,Private
Rajshahi,Private
Rajshahi,Private
Khulna,Private
Mymensingh,Private
Dhaka,Private
Mymensingh,Private
Barishal,Private
Barishal,Private
Barishal,Private
Barishal,Private
Mymensingh,Private
Mymensingh,Private
Rajshahi,Private
Khulna,Private
Sylhet,Private
Rajshahi,Private
Rajshahi,Private
Dhaka,Private
Barishal,Private
Mymensingh,Private
Dhaka,Private
Rajshahi,Private
Khulna,Private
Khulna,Private
Sylhet,Private
Barishal,Private
Sylhet,Private
Dhaka,Private
Barishal,Private
Mymensingh,Private
Mymensingh,Private
Rangpur,Private
Chittagong,Private
Chittagong,Private
Dhaka,Private
Rangpur,Private
Mymensingh,Private
Khulna,Private
Khulna,Private
Khulna,Private
Barishal,Private
Barishal,Private
Khulna,Private
Mymensingh,Private
Chittagong,Private
Barishal,Private
Barishal,Private
Mymensingh,Private
Rajshahi,Private
Chittagong,Private
Sylhet,Private
Chittagong,Private
Mymensingh,Private
Rangpur,Private
Dhaka,Private
Rangpur,Private
Barishal,Private
Khulna,Private
Chittagong,Private
Barishal,Private
Barishal,Private
Dhaka,Private
Rajshahi,Private
Dhaka,Private
Chittagong,Private
Khulna,Private
Rangpur,Private
Mymensingh,Private
Sylhet,Private
Sylhet,Private
Dhaka,Private
Khulna,Private
Dhaka,Private
Rajshahi,Private
Barishal,Private
Khulna,Private
Barishal,Private
Chittagong,Private
Rangpur,Private
Mymensingh,Private
Mymensingh,Private
Sylhet,Private
Mymensingh,Private
Sylhet,Private
Dhaka,Private
Khulna,Private
Mymensingh,Private
Rangpur,Private
Sylhet,Private
Khulna,Private
Dhaka,Private
Dhaka,Private
Mymensingh,Private
Rajshahi,Private
Rangpur,Private
Khulna,Private
Chittagong,Private
Khulna,Private
Rajshahi,Private
Chittagong,Private
Sylhet,Private
Rajshahi,Private
Sylhet,Private
Khulna,Private
Chittagong,Private
Chittagong,Private
Sylhet,Private
Barishal,Private
Rajshahi,Private
Mymensingh,Private
Rajshahi,Private
Rangpur,Private
Sylhet,Private
Chittagong,Private
Khulna,Private
Chittagong,Private
Dhaka,Private
Sylhet,Private
Dhaka,Private
Rangpur,Private
Rajshahi,Private
Barishal,Private
Rangpur,Private
Sylhet,Private
Barishal,Private
Rajshahi,Private
Rangpur,Private
Khulna,Private
Rangpur,Private
Sylhet,Private
Rangpur,Private
Dhaka,Private
Barishal,Private
Barishal,Private
Chittagong,Private
Dhaka,Private
Chittagong,Private
Chittagong,Private
Mymensingh,Private
Khulna,Private
Chittagong,Private
Rangpur,Private
Mymensingh,Private
Chittagong,Private
Khulna,Private
Barishal,Private
Mymensingh,Private
Khulna,Private
Rajshahi,Private
Rajshahi,Private
Khulna,Private
Barishal,Private
Rajshahi,Private
Dhaka,Private
Khulna,Private
Dhaka,Private
Sylhet,Private
Chittagong,Private
Mymensingh,Private
Dhaka,Private
Rajshahi,Private
Chittagong,Private
Dhaka,Private
Sylhet,Private
Khulna,Private
Dhaka,Private
Mymensingh,Private
Dhaka,Private
Rangpur,Private
Khulna,Private
Sylhet,Private
Khulna,Private
Mymensingh,Private
Rajshahi,Private
Sylhet,Private
Khulna,Private
Chittagong,Private
Rajshahi,Private
Khulna,Private
Sylhet,Private
Khulna,Private
Chittagong,Private
Barishal,Private
Dhaka,Private
Dhaka,Private
Mymensingh,Private
Sylhet,Private
Mymensingh,Private
Khulna,Private
Rajshahi,Private
Rajshahi,Private
Dhaka,Private
Mymensingh,Private
Barishal,Private
Chittagong,Private
Dhaka,Private
Rajshahi,Private
Dhaka,Private
Barishal,Private
Chittagong,Private
Mymensingh,Private
Mymensingh,Private
Barishal,Private
Chittagong,Private
Khulna,Private
Rajshahi,Private
Khulna,Private
Chittagong,Private
Khulna,Private
Rangpur,Private
Mymensingh,Private
Khulna,Private
Dhaka,Private
Barishal,Private
Rajshahi,Private
Mymensingh,Private
Sylhet,Private
Rajshahi,Private
Chittagong,Private
Dhaka,Private
Dhaka,Private
Rangpur,Private
Barishal,Private
Barishal,Private
Mymensingh,Private
Mymensingh,Private
Mymensingh,Private
Mymensingh,Private
Dhaka,Private
Chittagong,Private
Barishal,Private
Rajshahi,Private
Chittagong,Private
Barishal,Private
Khulna,Private
Dhaka,Private
Dhaka,Private
Rajshahi,Private
Chittagong,Private
Barishal,Private
Chittagong,Private
Rangpur,Private
Chittagong,Private
Khulna,Private
Barishal,Private
Chittagong,Private
Rangpur,Private
Rangpur,Private
Sylhet,Private
Mymensingh,Private
Dhaka,Private
Mymensingh,Private
Rangpur,Private
Sylhet,Private
Barishal,Private
Khulna,Private
Rangpur,Private
Rangpur,Private
Barishal,Private
Rajshahi,Private
Khulna,Private
Khulna,Private
Barishal,Private
Sylhet,Private
Rangpur,Private
Chittagong,Private
Barishal,Private
Chittagong,Private
Mymensingh,Private
Barishal,Private
Barishal,Private
Khulna,Private
Sylhet,Private
Rangpur,Private
Chittagong,Private
Mymensingh,Private
Sylhet,Private
Mymensingh,Private
Sylhet,Private
Rajshahi,Private
Khulna,Private
Mymensingh,Private
Barishal,Private
Barishal,Private
Mymensingh,Private
Barishal,Private
Rajshahi,Private
Rangpur,Private
Mymensingh,Private
Mymensingh,Private
Khulna,Private
Chittagong,Private
Chittagong,Private
Dhaka,Private
Barishal,Private
Mymensingh,Private
Barishal,Private
Dhaka,Private
Rangpur,Private
Khulna,Private
Rajshahi,Private
Mymensingh,Private
Dhaka,Private
Dhaka,Private
Khulna,Private
Khulna,Private
Barishal,Private
Rangpur,Private
Dhaka,Private
Barishal,Private
Rajshahi,Private
Rajshahi,Private
Dhaka,Private
Sylhet,Private
Rajshahi,Private
Rangpur,Private
Sylhet,Private
Dhaka,Private
Khulna,Private
Mymensingh,Private
Khulna,Private
Rajshahi,Private
Sylhet,Private
Rangpur,Private
Dhaka,Private
Khulna,Private
Khulna,Private
Dhaka,Private
Rajshahi,Private
Dhaka,Private
Dhaka,Private
Mymensingh,Private
Rajshahi,Private
Sylhet,Private
Chittagong,Private
Khulna,Private
Barishal,Private
Mymensingh,Private
Rajshahi,Private
Sylhet,Private
Khulna,Private
Dhaka,Private
Rajshahi,Private
Khulna,Private
Rangpur,Private
Chittagong,Private
Khulna,Private
Dhaka,Private
Dhaka,Private
Dhaka,Private
Rajshahi,Private
Dhaka,Private
Rajshahi,Private
Dhaka,Private
Rangpur,Private
Mymensingh,Private
Barishal,Private
Barishal,Private
Khulna,Private
Rajshahi,Private
Khulna,Private
Khulna,Private
Barishal,Private
Rangpur,Private
Sylhet,Private
Mymensingh,Private
Dhaka,Private
Dhaka,Private
Sylhet,Private
Rajshahi,Private
Rajshahi,Private
Barishal,Private
Sylhet,Private
Rangpur,Private
Rangpur,Private
Khulna,Private
Rangpur,Private
Dhaka,Private
Chittagong,Private
Rangpur,Private
Barishal,Private
Chittagong,Private
Khulna,Private
Sylhet,Private
Barishal,Private
Khulna,Private
Chittagong,Private
Rajshahi,Private
Barishal,Private
Chittagong,Private
Chittagong,Private
Rajshahi,Private
Barishal,Private
Barishal,Private
Mymensingh,Private
Chittagong,Private
Khulna,Private
Mymensingh,Private
Rajshahi,Private
Dhaka,Private
Rangpur,Private
Dhaka,Private
Khulna,Private
Dhaka,Private
Chittagong,Private
Barishal,Private
Rangpur,Private
Barishal,Private
Rangpur,Private
Sylhet,Private
Rangpur,Private
Barishal,Private
Chittagong,Private
Mymensingh,Private
Dhaka,Private
Barishal,Private
Dhaka,Private
Mymensingh,Private
Khulna,Private
Rangpur,Private
Chittagong,Private
Dhaka,Private
Khulna,Private
Chittagong,Private
Chittagong,Private
Rajshahi,Private
Rajshahi,Private
Dhaka,Private
Dhaka,Private
Rajshahi,Private
Chittagong,Private
Dhaka,Private
Sylhet,Private
Dhaka,Private
Rangpur,Private
Sylhet,Private
Barishal,Private
Rangpur,Private
Khulna,Private
Barishal,Private
Dhaka,Private
Rangpur,Private
Rajshahi,Private
Chittagong,Private
Chittagong,Private
Chittagong,Private
Chittagong,Private
Barishal,Private
Rajshahi,Private
Mymensingh,Private
Rajshahi,Private
Barishal,Private
Khulna,Private
Sylhet,Private
Mymensingh,Private
Sylhet,Private
Chittagong,Private
Mymensingh,Private
Barishal,Private
Rajshahi,Private
Chittagong,Private
Sylhet,Private
Dhaka,Private
Mymensingh,Private
Rajshahi,Private
Rajshahi,Private
Rajshahi,Private
Barishal,Private
Mymensingh,Private
Barishal,Private
Barishal,Private
Barishal,Private
Mymensingh,Private
Mymensingh,Private
Dhaka,Private
Rangpur,Private
Rajshahi,Private
Khulna,Private
Sylhet,Private
Chittagong,Private
Sylhet,Private
Dhaka,Private
Chittagong,Private
Chittagong,Private
Dhaka,Private
Barishal,Private
Chittagong,Private
Barishal,Private
Chittagong,Private
Barishal,Private
Sylhet,Private
Chittagong,Private
Rajshahi,Private
Rajshahi,Private
Mymensingh,Private
Chittagong,Private
Rangpur,Private
Chittagong,Private
Mymensingh,Private
Khulna,Private
Rangpur,Private
Khulna,Private
Khulna,Private
Chittagong,Private
Barishal,Private
Rangpur,Private
Dhaka,Private
Mymensingh,Private
Rajshahi,Private
Dhaka,Private
Chittagong,Private
Sylhet,Private
Chittagong,Private
Sylhet,Private
Chittagong,Private
Rangpur,Private
Khulna,Private
Dhaka,Private
Dhaka,Private
Barishal,Private
Chittagong,Private
Dhaka,Private
Mymensingh,Private
Rajshahi,Private
Rangpur,Private
Sylhet,Private
Rangpur,Private
Khulna,Private
Chittagong,Private
Rangpur,Private
Rajshahi,Private
Rangpur,Private
Rangpur,Private
Barishal,Private
Mymensingh,Private
Sylhet,Private
Sylhet,Private
Barishal,Private
Chittagong,Private
Sylhet,Private
Rajshahi,Private
Khulna,Private
Khulna,Private
Dhaka,Private
Dhaka,Private
Mymensingh,Private
Mymensingh,Private
Barishal,Private
Barishal,Private
Sylhet,Private
Mymensingh,Private
Dhaka,Private
Mymensingh,Private
Barishal,Private
Chittagong,Private
Rajshahi,Private
Rajshahi,Private
Khulna,Private
Khulna,Private
Rajshahi,Private
Chittagong,Private
Chittagong,Private
Rangpur,Private
Rajshahi,Private
Rangpur,Private
Chittagong,Private
Dhaka,Private
Rajshahi,Private
Dhaka,Private
Rajshahi,Private
Mymensingh,Private
Khulna,Private
Mymensingh,Private
Khulna,Private
Chittagong,Private
Dhaka,Private
Barishal,Private
Rangpur,Private
Rangpur,Private
Sylhet,Private
Khulna,Private
Rangpur,Private
Rangpur,Private
Rangpur,Private
Barishal,Private
Sylhet,Private
Dhaka,Private
Khulna,Private
Khulna,Private
Rangpur,Private
Dhaka,Private
Dhaka,Private
Khulna,Private
Barishal,Private
Sylhet,Private
Chittagong,Private
Rajshahi,Private
Rangpur,Private
Barishal,Private
Sylhet,Private
Sylhet,Private
Rajshahi,Private
Khulna,Private
Rangpur,Private
Chittagong,Private
Dhaka,Private
Barishal,Private
Mymensingh,Private
Sylhet,Private
Dhaka,Private
Barishal,Private
Barishal,Private
Mymensingh,Private
Dhaka,Private
Barishal,Private
Chittagong,Private
Rangpur,Private
Barishal,Private
Rangpur,Private
Sylhet,Private
Mymensingh,Private
Chittagong,Private
Khulna,Private
Mymensingh,Private
Rajshahi,Private
Dhaka,Private
Khulna,Private
Mymensingh,Private
Khulna,Private
Rangpur,Private
Dhaka,Private
Dhaka,Private
